-- MySQL dump 10.13  Distrib 8.0.32, for Win64 (x86_64)
--
-- Host: 127.0.0.1    Database: GO1_db
-- ------------------------------------------------------
-- Server version	8.0.32

/*!40101 SET @OLD_CHARACTER_SET_CLIENT=@@CHARACTER_SET_CLIENT */;
/*!40101 SET @OLD_CHARACTER_SET_RESULTS=@@CHARACTER_SET_RESULTS */;
/*!40101 SET @OLD_COLLATION_CONNECTION=@@COLLATION_CONNECTION */;
/*!50503 SET NAMES utf8mb4 */;
/*!40103 SET @OLD_TIME_ZONE=@@TIME_ZONE */;
/*!40103 SET TIME_ZONE='+00:00' */;
/*!40014 SET @OLD_UNIQUE_CHECKS=@@UNIQUE_CHECKS, UNIQUE_CHECKS=0 */;
/*!40014 SET @OLD_FOREIGN_KEY_CHECKS=@@FOREIGN_KEY_CHECKS, FOREIGN_KEY_CHECKS=0 */;
/*!40101 SET @OLD_SQL_MODE=@@SQL_MODE, SQL_MODE='NO_AUTO_VALUE_ON_ZERO' */;
/*!40111 SET @OLD_SQL_NOTES=@@SQL_NOTES, SQL_NOTES=0 */;

--
-- Table structure for table `chats`
--

DROP TABLE IF EXISTS `chats`;
/*!40101 SET @saved_cs_client     = @@character_set_client */;
/*!50503 SET character_set_client = utf8mb4 */;
CREATE TABLE `chats` (
  `id` bigint NOT NULL AUTO_INCREMENT,
  `from` bigint NOT NULL,
  `to` bigint NOT NULL,
  `content` text NOT NULL,
  `state` tinyint NOT NULL DEFAULT '0' COMMENT '0: 未读, 1: 已读',
  `send_time` timestamp NULL DEFAULT CURRENT_TIMESTAMP,
  PRIMARY KEY (`id`),
  KEY `sender_receiver` (`from`,`to`),
  KEY `receiver_sender` (`to`,`from`)
) ENGINE=InnoDB AUTO_INCREMENT=2482 DEFAULT CHARSET=utf8mb4 COLLATE=utf8mb4_0900_ai_ci;
/*!40101 SET character_set_client = @saved_cs_client */;

--
-- Dumping data for table `chats`
--

LOCK TABLES `chats` WRITE;
/*!40000 ALTER TABLE `chats` DISABLE KEYS */;
INSERT INTO `chats` VALUES (1,4444532515016704,1969930454962176,'啊手动阀',0,'2025-06-08 06:53:13'),(2,4444532515016704,1969930454962176,'阿斯顿',0,'2025-06-08 07:03:26'),(3,4444532515016704,1969930454962176,'啊士大夫看见和',0,'2025-06-08 07:15:39'),(4,1969930454962176,4444532515016704,'比鹅嘎哦',0,'2025-06-08 07:15:51'),(5,1969930454962176,4444532515016704,'提示呀',0,'2025-06-08 07:20:38'),(6,1969930454962176,4444532515016704,'提示呀',0,'2025-06-08 07:20:47'),(7,4444532515016704,1969930454962176,'啊手动阀',0,'2025-06-08 07:21:20'),(8,4444532515016704,1969930454962176,'啊手动阀',0,'2025-06-08 07:21:23'),(9,4444532515016704,1969930454962176,'阿迪斯发',0,'2025-06-08 07:21:27'),(10,1969930454962176,4444532515016704,'发士大夫',0,'2025-06-08 07:22:00'),(11,1969930454962176,4444532515016704,'AFASD ',0,'2025-06-08 07:22:04'),(12,4444532515016704,1969930454962176,'啊手动阀阿斯顿',0,'2025-06-08 07:22:15'),(13,4444532515016704,1969930454962176,'啊手动阀',0,'2025-06-08 07:25:24'),(14,4444532515016704,1969930454962176,'爱的色放',0,'2025-06-08 14:59:23'),(15,4444532515016704,1969930454962176,'啊啊的',0,'2025-06-08 14:59:38'),(16,4444532515016704,1969930454962176,'啊手动阀',0,'2025-06-08 14:59:47'),(17,4444532515016704,1969930454962176,'啊手动阀啊',0,'2025-06-08 14:59:57'),(18,4444532515016704,1969930454962176,'啊打发',0,'2025-06-08 15:00:52'),(19,1969930454962176,4444532515016704,'啊手动阀',0,'2025-06-08 15:50:42'),(20,4444532515016704,1969930454962176,'啊手动阀',0,'2025-06-08 15:50:52'),(21,4444532515016704,1969930454962176,'啊手动阀',0,'2025-06-08 15:52:00'),(22,4444532515016704,1969930454962176,'asdf ',0,'2025-06-08 15:54:20'),(23,1969930454962176,4444532515016704,'急啊抗衰老地方',0,'2025-06-08 16:02:38'),(24,1969930454962176,1969930454962176,'啊打发',0,'2025-06-08 17:02:06'),(25,4444532515016704,1969930454962176,'adfad ',0,'2025-06-08 18:01:41'),(26,1969930454962176,4444532515016704,'阿斯顿发射点',0,'2025-06-08 18:04:02'),(27,1969930454962176,4444532515016704,'啊打发',0,'2025-06-08 18:05:11'),(28,1969930454962176,4444532515016704,'啊手动阀',0,'2025-06-08 18:06:07'),(29,1969930454962176,4444532515016704,'撒地方',0,'2025-06-08 18:06:12'),(30,1969930454962176,4444532515016704,'阿迪斯',0,'2025-06-08 18:06:17'),(31,4444532515016704,1969930454962176,'asdf ',0,'2025-06-08 18:10:31'),(32,4444532515016704,1969930454962176,'asdf',0,'2025-06-08 18:10:33'),(33,4444532515016704,1969930454962176,'asdf ',0,'2025-06-08 18:10:37'),(34,4444532515016704,1969930454962176,'asdfasd asdf ',0,'2025-06-08 18:10:40'),(35,1969930454962176,4444532515016704,'啊手动阀',0,'2025-06-08 18:17:37'),(36,1969930454962176,4444532515016704,'啊手动阀',0,'2025-06-08 18:17:42'),(2278,1969930454962176,4444532515016704,'test',0,'2025-07-04 10:48:11'),(2279,4444532515016704,1969930454962176,'hello',0,'2025-07-04 10:48:19'),(2280,1969930454962176,4609218535493632,'test',0,'2025-07-04 10:50:18'),(2281,4609218535493632,1969930454962176,'test',0,'2025-07-04 10:55:03'),(2282,1969930454962176,4609218535493632,'hello',0,'2025-07-04 10:55:11'),(2283,4444532515016704,1969930454962176,'hi',0,'2025-07-04 11:49:01'),(2284,1969930454962176,4444532515016704,'呵呵',0,'2025-07-05 14:03:27'),(2285,1969930454962176,4444532515016704,'会不会',0,'2025-07-05 14:04:21'),(2286,1969930454962176,4444532515016704,'ahe',0,'2025-07-17 02:36:48'),(2287,1969930454962176,4444532515016704,'啊大哥',0,'2025-07-17 02:37:28'),(2288,1969930454962176,4444532515016704,'heilo',0,'2025-07-19 01:06:16'),(2289,4444532515016704,1969930454962176,'hi',0,'2025-07-19 01:06:31'),(2290,4444532515016704,1969930454962176,'萨芬',0,'2025-07-19 02:10:14'),(2291,4444532515016704,1969930454962176,'啊手动阀',0,'2025-07-19 02:10:39'),(2292,1969930454962176,4444532515016704,'登出',0,'2025-07-19 02:24:30'),(2293,4444532515016704,1969930454962176,'离线',0,'2025-07-23 07:36:20'),(2294,1969930454962176,4444532515016704,'离线',0,'2025-07-23 07:36:46'),(2295,4444532515016704,1969930454962176,'离线',0,'2025-07-23 08:14:31'),(2296,1969930454962176,4444532515016704,'为啥有时可以，有时不行',0,'2025-07-23 08:14:58'),(2297,1969930454962176,4444532515016704,'的萨芬',0,'2025-07-23 08:16:22'),(2298,4444532515016704,1969930454962176,'还不行',0,'2025-07-23 08:41:18'),(2299,4444532515016704,1969930454962176,'还不行1',0,'2025-07-23 08:41:58'),(2300,4444532515016704,1969930454962176,'还不行2',0,'2025-07-23 08:45:14'),(2301,4444532515016704,1969930454962176,'还不行3',0,'2025-07-23 08:45:48'),(2302,4444532515016704,1969930454962176,'还不行4',0,'2025-07-23 09:05:48'),(2303,4444532515016704,1969930454962176,'还不行5',0,'2025-07-23 09:06:18'),(2304,1969930454962176,4444532515016704,'撒打发',0,'2025-07-23 09:06:33'),(2305,4444532515016704,1969930454962176,'行吗？',0,'2025-07-23 09:07:04'),(2306,4444532515016704,1969930454962176,'还不行6',0,'2025-07-23 09:07:37'),(2307,4444532515016704,1969930454962176,'还不行7',0,'2025-07-23 09:13:41'),(2308,4444532515016704,1969930454962176,'还不行8',0,'2025-07-23 09:14:36'),(2309,4444532515016704,1969930454962176,'还不行9',0,'2025-07-23 09:15:34'),(2310,4444532515016704,1969930454962176,'还不行10',0,'2025-07-23 09:15:53'),(2311,4444532515016704,1969930454962176,'还不行11',0,'2025-07-23 09:17:18'),(2312,4444532515016704,1969930454962176,'还不行12',0,'2025-07-23 09:18:24'),(2313,4444532515016704,1969930454962176,'还不行13',0,'2025-07-23 09:23:22'),(2314,4444532515016704,1969930454962176,'还不行14',0,'2025-07-23 09:24:51'),(2315,4444532515016704,1969930454962176,'噶',0,'2025-07-23 09:26:33'),(2316,4444532515016704,1969930454962176,'阿桑的歌',0,'2025-07-23 09:28:01'),(2317,4444532515016704,1969930454962176,'还不行15',0,'2025-07-23 09:28:04'),(2318,4444532515016704,1969930454962176,'还不行16',0,'2025-07-23 09:29:11'),(2319,4444532515016704,1969930454962176,'还不行17',0,'2025-07-23 09:30:23'),(2320,4444532515016704,1969930454962176,'还不行18',0,'2025-07-23 09:30:46'),(2321,4444532515016704,1969930454962176,'还不行19',0,'2025-07-23 09:31:12'),(2322,4444532515016704,1969930454962176,'还不行20',0,'2025-07-23 09:33:05'),(2323,4444532515016704,1969930454962176,'还不行21',0,'2025-07-23 09:33:49'),(2324,4444532515016704,1969930454962176,'还不行22',0,'2025-07-23 09:35:22'),(2325,4444532515016704,1969930454962176,'还不行23',0,'2025-07-23 09:36:16'),(2326,4444532515016704,1969930454962176,'还不行24',0,'2025-07-23 09:41:39'),(2327,4444532515016704,1969930454962176,'还不行25',0,'2025-07-23 09:42:34'),(2328,4444532515016704,1969930454962176,'还不行26',0,'2025-07-23 09:49:59'),(2329,4444532515016704,1969930454962176,'还不行27',0,'2025-07-23 09:50:13'),(2330,1969930454962176,4444532515016704,'ok',0,'2025-07-23 09:50:24'),(2331,4444532515016704,1969930454962176,'还不行28',0,'2025-07-23 10:10:40'),(2332,1969930454962176,4444532515016704,'ok',0,'2025-07-23 10:10:54'),(2333,4444532515016704,1969930454962176,'还不行29',0,'2025-07-23 10:11:08'),(2334,1969930454962176,4444532515016704,'还不行29',0,'2025-07-23 10:11:28'),(2335,4444532515016704,1969930454962176,'还不行30',0,'2025-07-23 10:12:04'),(2336,1969930454962176,4444532515016704,'ok',0,'2025-07-23 10:13:31'),(2337,1969930454962176,4444532515016704,'别搞',0,'2025-07-30 03:00:39'),(2338,1969930454962176,4444532515016704,'别搞1',0,'2025-07-30 03:01:17'),(2339,0,0,'Pending',0,'2025-07-30 07:39:58'),(2340,0,0,'Pending',0,'2025-07-30 07:39:58'),(2341,0,0,'Pending',0,'2025-07-30 07:41:24'),(2342,0,0,'Pending',0,'2025-07-30 07:41:24'),(2343,0,0,'Pending',0,'2025-07-30 07:48:06'),(2344,0,0,'Pending',0,'2025-07-30 07:48:08'),(2345,1969930454962176,4444532515016704,'别搞',0,'2025-07-30 07:58:03'),(2346,4444532515016704,1969930454962176,'ok',0,'2025-07-30 07:58:10'),(2347,4444532515016704,4444532515016704,'Pending',0,'2025-07-30 07:58:48'),(2348,4444532515016704,4444532515016704,'Pending',0,'2025-07-30 07:58:51'),(2349,0,0,'Pending',0,'2025-07-30 08:39:55'),(2350,0,0,'Pending',0,'2025-07-30 08:39:57'),(2351,0,0,'Pending',0,'2025-07-30 08:41:29'),(2352,0,0,'Pending',0,'2025-07-30 08:41:32'),(2353,0,0,'Pending',0,'2025-07-30 08:42:56'),(2354,0,0,'Pending',0,'2025-07-30 08:42:58'),(2355,0,0,'Pending',0,'2025-07-30 08:44:51'),(2356,0,0,'Pending',0,'2025-07-30 08:44:54'),(2357,4444532515016704,4444532515016704,'Pending',0,'2025-07-30 08:45:31'),(2358,4444532515016704,4444532515016704,'Pending',0,'2025-07-30 08:45:33'),(2359,4444532515016704,4444532515016704,'Pending',0,'2025-07-30 08:46:49'),(2360,4444532515016704,4444532515016704,'Pending',0,'2025-07-30 08:46:51'),(2361,4444532515016704,4444532515016704,'Pending',0,'2025-07-30 08:49:14'),(2362,4444532515016704,4444532515016704,'Pending',0,'2025-07-30 08:49:17'),(2363,4444532515016704,4444532515016704,'Pending',0,'2025-07-30 08:52:12'),(2364,4444532515016704,4444532515016704,'Pending',0,'2025-07-30 08:52:15'),(2365,0,0,'Pending',0,'2025-07-30 08:57:05'),(2366,0,0,'Pending',0,'2025-07-30 08:57:07'),(2367,4444532515016704,4444532515016704,'Pending',0,'2025-07-30 09:09:25'),(2368,4444532515016704,4444532515016704,'Pending',0,'2025-07-30 09:09:27'),(2369,4444532515016704,4444532515016704,'Pending',0,'2025-07-30 09:12:29'),(2370,4444532515016704,4444532515016704,'Pending',0,'2025-07-30 09:12:32'),(2371,4444532515016704,4444532515016704,'Pending',0,'2025-07-30 09:15:16'),(2372,4444532515016704,4444532515016704,'Pending',0,'2025-07-30 09:15:18'),(2373,0,0,'Pending',0,'2025-07-30 09:38:32'),(2374,4444532515016704,4444532515016704,'Pending',0,'2025-07-30 09:38:57'),(2375,4444532515016704,4444532515016704,'Pending',0,'2025-07-30 09:39:28'),(2376,4444532515016704,4444532515016704,'Pending',0,'2025-07-30 09:39:34'),(2377,4444532515016704,4444532515016704,'Pending',0,'2025-07-30 09:39:41'),(2378,4444532515016704,4444532515016704,'Pending',0,'2025-07-30 09:40:43'),(2379,4444532515016704,4444532515016704,'Pending',0,'2025-07-30 09:40:52'),(2380,4444532515016704,4444532515016704,'Pending',0,'2025-07-30 09:49:27'),(2381,4444532515016704,4444532515016704,'Pending',0,'2025-07-30 09:49:35'),(2382,4444532515016704,4444532515016704,'Pending',0,'2025-08-04 05:54:04'),(2383,4444532515016704,4444532515016704,'Pending',0,'2025-08-04 05:54:18'),(2384,4444532515016704,4444532515016704,'Pending',0,'2025-08-04 05:54:19'),(2385,4444532515016704,4444532515016704,'Pending',0,'2025-08-04 05:55:12'),(2386,4444532515016704,4444532515016704,'Pending',0,'2025-08-04 05:55:26'),(2387,4444532515016704,4444532515016704,'Pending',0,'2025-08-04 05:56:18'),(2388,4444532515016704,4444532515016704,'Pending',0,'2025-08-04 05:58:06'),(2389,4444532515016704,4444532515016704,'Pending',0,'2025-08-04 06:00:26'),(2390,0,0,'Pending',0,'2025-08-04 06:03:41'),(2391,0,0,'Pending',0,'2025-08-04 06:04:01'),(2392,0,0,'Pending',0,'2025-08-04 06:04:47'),(2393,0,0,'Pending',0,'2025-08-04 06:06:17'),(2394,4444532515016704,4444532515016704,'Pending',0,'2025-08-04 06:06:31'),(2395,4444532515016704,4444532515016704,'Pending',0,'2025-08-04 06:07:03'),(2396,4444532515016704,4444532515016704,'Pending',0,'2025-08-04 06:13:58'),(2397,0,0,'Pending',0,'2025-08-04 06:24:08'),(2398,0,0,'Pending',0,'2025-08-04 06:26:53'),(2399,0,0,'Pending',0,'2025-08-04 06:27:35'),(2400,0,0,'Pending',0,'2025-08-04 06:27:47'),(2401,0,0,'Pending',0,'2025-08-04 06:31:57'),(2402,4444532515016704,4444532515016704,'Pending',0,'2025-08-04 06:33:25'),(2403,4444532515016704,4444532515016704,'Pending',0,'2025-08-04 06:33:31'),(2404,4444532515016704,4444532515016704,'Pending',0,'2025-08-04 06:47:25'),(2405,4444532515016704,4444532515016704,'Pending',0,'2025-08-04 07:52:02'),(2406,4444532515016704,1969930454962176,'debug-11',0,'2025-08-06 11:02:19'),(2407,4444532515016704,1969930454962176,'debug-12',0,'2025-08-06 11:03:42'),(2408,4444532515016704,1969930454962176,'debug-11',0,'2025-08-06 11:07:49'),(2409,4444532515016704,1969930454962176,'debug-14',0,'2025-08-06 11:09:09'),(2410,4444532515016704,1969930454962176,'debug-11',0,'2025-08-06 11:16:34'),(2411,4444532515016704,1969930454962176,'debug-14',0,'2025-08-06 11:16:34'),(2412,4444532515016704,1969930454962176,'debug-16',0,'2025-08-06 11:17:08'),(2413,4444532515016704,1969930454962176,'debug-11',0,'2025-08-06 11:17:15'),(2414,4444532515016704,1969930454962176,'debug-14',0,'2025-08-06 11:17:15'),(2415,4444532515016704,1969930454962176,'debug-16',0,'2025-08-06 11:17:15'),(2416,4444532515016704,1969930454962176,'debug-11',0,'2025-08-06 11:18:39'),(2417,4444532515016704,1969930454962176,'debug-14',0,'2025-08-06 11:18:39'),(2418,4444532515016704,1969930454962176,'debug-16',0,'2025-08-06 11:18:39'),(2419,4444532515016704,1969930454962176,'debug-11',0,'2025-08-06 11:19:38'),(2420,4444532515016704,1969930454962176,'debug-14',0,'2025-08-06 11:19:38'),(2421,4444532515016704,1969930454962176,'debug-16',0,'2025-08-06 11:19:38'),(2422,4444532515016704,1969930454962176,'debug-11',0,'2025-08-06 11:20:19'),(2423,4444532515016704,1969930454962176,'debug-14',0,'2025-08-06 11:20:19'),(2424,4444532515016704,1969930454962176,'debug-16',0,'2025-08-06 11:20:19'),(2425,4444532515016704,1969930454962176,'debug-11',0,'2025-08-06 11:39:32'),(2426,4444532515016704,1969930454962176,'debug-14',0,'2025-08-06 11:39:32'),(2427,4444532515016704,1969930454962176,'debug-16',0,'2025-08-06 11:39:32'),(2428,4444532515016704,1969930454962176,'debug-17',0,'2025-08-06 11:39:45'),(2429,4444532515016704,1969930454962176,'debug-11',0,'2025-08-06 11:40:37'),(2430,4444532515016704,1969930454962176,'debug-14',0,'2025-08-06 11:40:37'),(2431,4444532515016704,1969930454962176,'debug-16',0,'2025-08-06 11:40:37'),(2432,4444532515016704,1969930454962176,'debug-11',0,'2025-08-06 11:42:34'),(2433,4444532515016704,1969930454962176,'debug-14',0,'2025-08-06 11:42:34'),(2434,4444532515016704,1969930454962176,'debug-16',0,'2025-08-06 11:42:34'),(2435,4444532515016704,1969930454962176,'debug-11',0,'2025-08-06 11:44:01'),(2436,4444532515016704,1969930454962176,'debug-14',0,'2025-08-06 11:44:01'),(2437,4444532515016704,1969930454962176,'debug-16',0,'2025-08-06 11:44:01'),(2438,4444532515016704,1969930454962176,'debug-11',0,'2025-08-06 11:44:41'),(2439,4444532515016704,1969930454962176,'debug-14',0,'2025-08-06 11:44:41'),(2440,4444532515016704,1969930454962176,'debug-16',0,'2025-08-06 11:44:41'),(2441,4444532515016704,1969930454962176,'debug-17',0,'2025-08-06 11:46:50'),(2442,4444532515016704,1969930454962176,'debug-18',0,'2025-08-06 11:50:15'),(2443,4444532515016704,1969930454962176,'debug-19',0,'2025-08-06 12:23:28'),(2444,4444532515016704,1969930454962176,'debug-20',0,'2025-08-06 12:25:16'),(2445,4444532515016704,1969930454962176,'debug-21',0,'2025-08-06 12:25:57'),(2446,4444532515016704,1969930454962176,'debug-22',0,'2025-08-06 12:28:31'),(2447,4444532515016704,1969930454962176,'debug-23',0,'2025-08-06 12:29:34'),(2448,4444532515016704,1969930454962176,'debug-24',0,'2025-08-06 12:31:50'),(2449,4444532515016704,1969930454962176,'debug-25',0,'2025-08-06 12:33:38'),(2450,1969930454962176,4444532515016704,'debug-26',0,'2025-08-07 01:28:05'),(2451,1969930454962176,4444532515016704,'debug-33',0,'2025-08-07 03:29:34'),(2452,4444532515016704,1969930454962176,'debug-34',0,'2025-08-07 03:30:53'),(2453,1969930454962176,4444532515016704,'ok',0,'2025-08-07 03:32:36'),(2454,4444532515016704,1969930454962176,'eee',0,'2025-08-07 03:32:40'),(2455,1969930454962176,4444532515016704,'debug-35',0,'2025-08-07 03:46:48'),(2456,4444532515016704,1969930454962176,'debug-36',0,'2025-08-07 03:47:07'),(2457,1969930454962176,4444532515016704,'debug-37',0,'2025-08-07 03:47:30'),(2458,1969930454962176,4444532515016704,'debug-38',0,'2025-08-07 04:09:22'),(2459,1969930454962176,4444532515016704,'debug-39',0,'2025-08-07 04:22:11'),(2460,4444532515016704,1969930454962176,'ok',0,'2025-08-07 04:22:34'),(2461,4444532515016704,1969930454962176,'hello',0,'2025-08-11 02:12:42'),(2462,1969930454962176,4444532515016704,'hi',0,'2025-08-11 02:13:35'),(2463,1969930454962176,4444532515016704,'ggg',0,'2025-08-22 03:47:50'),(2464,1969930454962176,4444532515016704,'11',0,'2025-08-22 06:16:46'),(2465,1969930454962176,4444532515016704,'1',0,'2025-08-22 06:27:29'),(2466,4444532515016704,1969930454962176,'hello',0,'2025-08-29 10:40:29'),(2467,4444532515016704,1969930454962176,'怎么肥四',0,'2025-08-29 10:41:33'),(2468,1969930454962176,4444532515016704,'没事',0,'2025-08-29 10:45:11'),(2469,4444532515016704,1969930454962176,'xiixi',0,'2025-08-29 11:37:10'),(2470,1969930454962176,4444532515016704,'啥情况',0,'2025-09-09 09:54:52'),(2471,4444532515016704,1969930454962176,'嘎嘎',0,'2025-09-09 10:10:35'),(2472,4444532515016704,1969930454962176,'啥情况2',0,'2025-09-09 10:11:41'),(2473,4444532515016704,1969930454962176,'？',0,'2025-09-09 10:12:31'),(2474,1969930454962176,4444532515016704,'现在好了把？',0,'2025-09-09 10:14:13'),(2475,4444532515016704,1969930454962176,'ok',0,'2025-09-09 10:14:24'),(2476,4444532515016704,1969930454962176,'test',0,'2026-05-18 05:17:26'),(2477,4444532515016704,1969930454962176,'test1',0,'2026-05-18 05:21:15'),(2478,4444532515016704,1969930454962176,'test2',0,'2026-05-18 05:21:45'),(2479,4444532515016704,1969930454962176,'??',0,'2026-05-18 05:22:19'),(2480,1969930454962176,4444532515016704,'？？',0,'2026-05-18 05:22:34'),(2481,4444532515016704,1969930454962176,'?',0,'2026-05-18 05:37:15');
/*!40000 ALTER TABLE `chats` ENABLE KEYS */;
UNLOCK TABLES;

--
-- Table structure for table `comment_likes`
--

DROP TABLE IF EXISTS `comment_likes`;
/*!40101 SET @saved_cs_client     = @@character_set_client */;
/*!50503 SET character_set_client = utf8mb4 */;
CREATE TABLE `comment_likes` (
  `id` bigint NOT NULL AUTO_INCREMENT,
  `user_id` bigint NOT NULL,
  `comment_id` bigint NOT NULL,
  `created_at` datetime DEFAULT CURRENT_TIMESTAMP,
  PRIMARY KEY (`id`),
  UNIQUE KEY `unique_user_comment` (`user_id`,`comment_id`),
  KEY `comment_id` (`comment_id`),
  CONSTRAINT `comment_likes_ibfk_1` FOREIGN KEY (`user_id`) REFERENCES `users` (`user_id`) ON DELETE CASCADE,
  CONSTRAINT `comment_likes_ibfk_2` FOREIGN KEY (`comment_id`) REFERENCES `comments` (`id`) ON DELETE CASCADE
) ENGINE=InnoDB AUTO_INCREMENT=46 DEFAULT CHARSET=utf8mb4 COLLATE=utf8mb4_0900_ai_ci;
/*!40101 SET character_set_client = @saved_cs_client */;

--
-- Dumping data for table `comment_likes`
--

LOCK TABLES `comment_likes` WRITE;
/*!40000 ALTER TABLE `comment_likes` DISABLE KEYS */;
INSERT INTO `comment_likes` VALUES (28,4444532515016704,35,'2025-06-03 16:47:21'),(29,4444532515016704,38,'2025-06-03 16:56:52'),(30,1969930454962176,37,'2025-06-03 17:23:07'),(32,1969930454962176,35,'2025-06-03 17:53:04'),(36,1969930454962176,39,'2025-06-03 17:54:09'),(40,1969930454962176,38,'2025-06-03 17:57:00'),(41,4444532515016704,42,'2025-06-06 16:28:25'),(43,4444532515016704,43,'2025-09-01 12:21:25'),(44,1969930454962176,43,'2025-09-02 11:01:35'),(45,4444532515016704,47,'2025-09-11 16:31:51');
/*!40000 ALTER TABLE `comment_likes` ENABLE KEYS */;
UNLOCK TABLES;

--
-- Table structure for table `comments`
--

DROP TABLE IF EXISTS `comments`;
/*!40101 SET @saved_cs_client     = @@character_set_client */;
/*!50503 SET character_set_client = utf8mb4 */;
CREATE TABLE `comments` (
  `id` bigint NOT NULL AUTO_INCREMENT,
  `post_id` bigint NOT NULL,
  `author_id` bigint NOT NULL,
  `content` text NOT NULL,
  `likes` bigint DEFAULT '0',
  `created_at` datetime DEFAULT CURRENT_TIMESTAMP,
  PRIMARY KEY (`id`),
  KEY `post_id` (`post_id`),
  KEY `author_id` (`author_id`),
  CONSTRAINT `comments_ibfk_1` FOREIGN KEY (`post_id`) REFERENCES `posts` (`id`) ON DELETE CASCADE,
  CONSTRAINT `comments_ibfk_2` FOREIGN KEY (`author_id`) REFERENCES `users` (`user_id`) ON DELETE CASCADE
) ENGINE=InnoDB AUTO_INCREMENT=48 DEFAULT CHARSET=utf8mb4 COLLATE=utf8mb4_0900_ai_ci;
/*!40101 SET character_set_client = @saved_cs_client */;

--
-- Dumping data for table `comments`
--

LOCK TABLES `comments` WRITE;
/*!40000 ALTER TABLE `comments` DISABLE KEYS */;
INSERT INTO `comments` VALUES (6,32,1969930454962176,'额为全额无法啊',0,'2025-06-01 00:01:13'),(7,32,1969930454962176,'请问啊手动阀',0,'2025-06-01 00:53:01'),(8,32,1969930454962176,'阿三发射点',0,'2025-06-01 00:54:42'),(9,32,1969930454962176,'阿三发射点',0,'2025-06-01 00:54:42'),(10,32,1969930454962176,'阿三发射点',0,'2025-06-01 00:54:42'),(11,32,1969930454962176,'阿道夫啊手动阀阿达',0,'2025-06-01 00:56:23'),(12,32,1969930454962176,'hello',0,'2025-06-01 11:44:57'),(13,31,1969930454962176,'hello',0,'2025-06-01 11:47:16'),(14,31,1969930454962176,'hi',0,'2025-06-01 11:47:44'),(15,18,1969930454962176,'hello',0,'2025-06-01 12:19:54'),(16,18,1969930454962176,'hello',0,'2025-06-01 12:20:32'),(17,32,1969930454962176,'别搞',0,'2025-06-01 12:21:01'),(18,31,1969930454962176,'阿道夫',0,'2025-06-01 12:21:12'),(19,25,1969930454962176,'阿迪斯',0,'2025-06-01 12:21:17'),(20,12,1969930454962176,'啊手动阀啊',0,'2025-06-01 12:25:04'),(21,12,1969930454962176,'阿斯顿',0,'2025-06-01 12:25:17'),(22,6,1969930454962176,'阿德',0,'2025-06-01 12:25:24'),(23,7,1969930454962176,'啊手动阀',0,'2025-06-01 12:31:14'),(24,8,1969930454962176,'111',0,'2025-06-01 12:35:01'),(25,8,1969930454962176,'阿道夫',0,'2025-06-01 12:35:12'),(26,11,1969930454962176,'啊手动阀',0,'2025-06-01 12:35:45'),(27,7,1969930454962176,'的萨芬',0,'2025-06-01 13:57:52'),(32,34,1969930454962176,'大师傅',0,'2025-06-01 14:12:52'),(33,40,1969930454962176,'别搞',0,'2025-06-01 14:18:57'),(34,39,1969930454962176,'别再有bug了',0,'2025-06-01 14:25:01'),(35,42,4609218535493632,'别搞',2,'2025-06-01 18:34:38'),(36,42,1969930454962176,'就搞',0,'2025-06-01 19:47:18'),(37,41,1969930454962176,'GG',1,'2025-06-01 19:47:33'),(38,42,7497339476381696,'嘻嘻',2,'2025-06-02 12:47:21'),(39,42,4444532515016704,'又改了',1,'2025-06-02 16:53:09'),(42,43,4444532515016704,'嘻嘻',1,'2025-06-06 16:28:21'),(43,44,4444532515016704,'嘎嘎嘎',2,'2025-08-05 17:30:52'),(44,44,4444532515016704,'嘻嘻',0,'2025-09-01 14:26:18'),(45,44,1969930454962176,'啊打发',0,'2025-09-02 11:01:48'),(46,45,4444532515016704,'test1',0,'2025-09-03 11:40:41'),(47,52,4444532515016704,'评论怎么样？\n',1,'2025-09-11 16:31:50');
/*!40000 ALTER TABLE `comments` ENABLE KEYS */;
UNLOCK TABLES;

--
-- Table structure for table `images`
--

DROP TABLE IF EXISTS `images`;
/*!40101 SET @saved_cs_client     = @@character_set_client */;
/*!50503 SET character_set_client = utf8mb4 */;
CREATE TABLE `images` (
  `id` bigint NOT NULL AUTO_INCREMENT,
  `md5` varchar(511) NOT NULL,
  `path` varchar(255) NOT NULL,
  `name` varchar(255) NOT NULL,
  `created_at` timestamp NOT NULL,
  PRIMARY KEY (`id`)
) ENGINE=InnoDB AUTO_INCREMENT=15 DEFAULT CHARSET=utf8mb4 COLLATE=utf8mb4_0900_ai_ci;
/*!40101 SET character_set_client = @saved_cs_client */;

--
-- Dumping data for table `images`
--

LOCK TABLES `images` WRITE;
/*!40000 ALTER TABLE `images` DISABLE KEYS */;
INSERT INTO `images` VALUES (8,'02d2b2b795d6b88dfc787bb71bfa7d41','upload/images/1.png','1.png','2025-05-23 14:07:31'),(9,'dbc468d7fbf5878f7a76862d2045cdee','upload/images/3.png','3.png','2025-05-25 04:12:14'),(10,'3587ff1c91b7b59ecfb5bbb02a25efc1','upload/images/2.Png','2.Png','2025-05-25 07:14:05'),(11,'0cded74f3799e4ed1a5890af931fd1dc','upload/images/89908_lg_f2e736518d.jpg','89908_lg_f2e736518d.jpg','2025-06-01 09:42:54'),(12,'86a9a9d584769182c97f405ac2a1e3d2','upload/images/122939_lg_13f216622c.jpg','122939_lg_13f216622c.jpg','2025-06-01 09:44:05'),(13,'3c8b499463a68dc6c58d3907ab448983','upload/images/144428_lg_9383a5e765.jpg','144428_lg_9383a5e765.jpg','2025-06-01 09:44:50'),(14,'dd90570733d51e3d85cdc0976f39ca18','upload/images/212157_lg_17607d6b0e.jpg','212157_lg_17607d6b0e.jpg','2025-06-01 10:18:44');
/*!40000 ALTER TABLE `images` ENABLE KEYS */;
UNLOCK TABLES;

--
-- Table structure for table `post_likes`
--

DROP TABLE IF EXISTS `post_likes`;
/*!40101 SET @saved_cs_client     = @@character_set_client */;
/*!50503 SET character_set_client = utf8mb4 */;
CREATE TABLE `post_likes` (
  `id` bigint NOT NULL AUTO_INCREMENT,
  `user_id` bigint NOT NULL,
  `post_id` bigint NOT NULL,
  `created_at` timestamp NULL DEFAULT CURRENT_TIMESTAMP,
  PRIMARY KEY (`id`),
  UNIQUE KEY `unique_user_post` (`user_id`,`post_id`),
  KEY `post_id` (`post_id`),
  CONSTRAINT `post_likes_ibfk_1` FOREIGN KEY (`user_id`) REFERENCES `users` (`user_id`) ON DELETE CASCADE,
  CONSTRAINT `post_likes_ibfk_2` FOREIGN KEY (`post_id`) REFERENCES `posts` (`id`) ON DELETE CASCADE
) ENGINE=InnoDB AUTO_INCREMENT=44 DEFAULT CHARSET=utf8mb4 COLLATE=utf8mb4_0900_ai_ci;
/*!40101 SET character_set_client = @saved_cs_client */;

--
-- Dumping data for table `post_likes`
--

LOCK TABLES `post_likes` WRITE;
/*!40000 ALTER TABLE `post_likes` DISABLE KEYS */;
INSERT INTO `post_likes` VALUES (2,4444532515016704,41,'2025-06-06 08:16:41'),(10,4444532515016704,42,'2025-06-06 08:25:01'),(11,4444532515016704,40,'2025-06-06 08:25:15'),(13,4444532515016704,37,'2025-06-06 08:27:50'),(14,4444532515016704,34,'2025-06-06 08:27:54'),(15,4444532515016704,43,'2025-06-06 08:28:14'),(23,4444532515016704,44,'2025-09-01 06:26:45'),(24,1969930454962176,44,'2025-09-02 03:01:28'),(25,1969930454962176,43,'2025-09-02 06:24:29'),(29,1969930454962176,45,'2025-09-02 11:15:32'),(39,4444532515016704,32,'2025-09-03 10:52:11'),(41,4444532515016704,52,'2025-09-11 08:31:40'),(42,4444532515016704,61,'2026-05-18 05:40:20'),(43,1969930454962176,62,'2026-05-18 05:40:40');
/*!40000 ALTER TABLE `post_likes` ENABLE KEYS */;
UNLOCK TABLES;

--
-- Table structure for table `posts`
--

DROP TABLE IF EXISTS `posts`;
/*!40101 SET @saved_cs_client     = @@character_set_client */;
/*!50503 SET character_set_client = utf8mb4 */;
CREATE TABLE `posts` (
  `id` bigint NOT NULL AUTO_INCREMENT COMMENT '帖子主键',
  `user_id` bigint NOT NULL COMMENT '作者用户ID',
  `title` varchar(200) NOT NULL COMMENT '标题',
  `content` text NOT NULL COMMENT '正文内容',
  `views` bigint DEFAULT '0',
  `status` tinyint NOT NULL DEFAULT '0' COMMENT '状态：0=正常，1=删除',
  `created_at` datetime NOT NULL DEFAULT CURRENT_TIMESTAMP COMMENT '发布时间',
  `updated_at` datetime NOT NULL DEFAULT CURRENT_TIMESTAMP ON UPDATE CURRENT_TIMESTAMP COMMENT '最后编辑时间',
  `likes` bigint DEFAULT '0',
  PRIMARY KEY (`id`) USING BTREE,
  KEY `idx_user` (`user_id`),
  CONSTRAINT `fk_posts_user` FOREIGN KEY (`user_id`) REFERENCES `users` (`user_id`) ON DELETE CASCADE
) ENGINE=InnoDB AUTO_INCREMENT=63 DEFAULT CHARSET=utf8mb4 COLLATE=utf8mb4_0900_ai_ci;
/*!40101 SET character_set_client = @saved_cs_client */;

--
-- Dumping data for table `posts`
--

LOCK TABLES `posts` WRITE;
/*!40000 ALTER TABLE `posts` DISABLE KEYS */;
INSERT INTO `posts` VALUES (6,1969930454962176,'欢迎大家','这是 Alice 的第一篇帖，欢迎阅读！',0,0,'2025-05-17 00:35:58','2025-05-17 00:35:58',0),(7,1969930454962176,'GORM 用法','GORM 支持 AutoMigrate、Preload、Scopes 等',0,0,'2025-05-17 00:35:58','2025-05-17 00:35:58',0),(8,1969930454962176,'Hello World','Bob 在这里打个招呼：Hello, World!',0,0,'2025-05-17 00:35:58','2025-05-17 00:35:58',0),(9,1969930454962176,'Redis 入门','Carol 分享一篇 Redis 的基础使用教程。',0,0,'2025-05-17 00:35:58','2025-05-17 00:35:58',0),(10,1969930454962176,'Go 并发模型','Goroutine、Channel、Context 实战解析。',0,0,'2025-05-17 00:35:58','2025-05-17 00:35:58',0),(11,1969930454962176,'222','222',0,0,'2025-05-19 20:21:01','2025-05-19 20:21:01',0),(12,1969930454962176,'333','333',0,0,'2025-05-19 21:06:44','2025-05-19 21:06:44',0),(18,4445534072868864,'hello register','GGG',0,0,'2025-05-20 14:25:19','2025-05-20 14:25:19',0),(19,1969930454962176,'999','520',0,0,'2025-05-21 00:23:33','2025-05-21 00:23:33',0),(25,1969930454962176,'1231','啊打发',0,0,'2025-05-26 18:47:05','2025-05-26 18:47:05',0),(31,1969930454962176,'19:54','test',0,0,'2025-05-26 19:54:40','2025-05-26 19:54:40',0),(32,7510617837539328,'debug','2025/5/29  1：37',3,0,'2025-05-29 01:38:05','2025-09-03 18:52:11',1),(33,1969930454962176,'阿迪斯','安抚啊手动阀啊',0,0,'2025-06-01 14:07:18','2025-06-01 14:07:18',0),(34,1969930454962176,'99999','啥情况',1,0,'2025-06-01 14:08:43','2025-09-02 14:38:26',1),(35,1969930454962176,'wc','哎哎哎',4,0,'2025-06-01 14:13:03','2025-09-02 15:14:20',0),(36,1969930454962176,'wc','哎哎哎',4,0,'2025-06-01 14:13:03','2025-09-02 15:16:41',0),(37,1969930454962176,'wc','哎哎哎',1,0,'2025-06-01 14:13:03','2025-09-02 14:38:26',1),(38,1969930454962176,'啊手动阀','阿斯顿',1,0,'2025-06-01 14:15:41','2025-09-02 15:10:32',0),(39,1969930454962176,'发士大夫','爱的色放',1,0,'2025-06-01 14:16:54','2025-09-02 14:38:41',0),(40,1969930454962176,'爱的色放','的得到',2,0,'2025-06-01 14:18:43','2025-09-02 14:38:26',1),(41,7497339476381696,'打卡','wc，我还没有帖子',4,0,'2025-06-01 18:12:30','2025-09-02 14:38:26',1),(42,4609218535493632,'啥情况','又有bug',46,0,'2025-06-01 18:20:00','2025-09-02 15:23:13',1),(43,4444532515016704,'竟然没有帖子','来一个',17,0,'2025-06-06 16:28:10','2025-09-02 15:28:52',2),(44,1969930454962176,'阿斯顿法定','大 大沙发',36,0,'2025-07-05 22:02:05','2025-09-02 15:17:44',2),(45,4444532515016704,'我','请问能创建吗',17,0,'2025-09-02 14:17:43','2025-09-03 15:45:35',1),(46,4612873108066304,'竟然没有帖子？','我替你发个',0,0,'2025-09-03 15:56:02','2025-09-03 15:56:02',0),(47,4612873108066304,'竟然没有帖子？','我替你发个',0,0,'2025-09-03 15:56:02','2025-09-03 15:56:02',0),(48,4612873108066304,'竟然没有帖子？','我替你发个',0,0,'2025-09-03 15:56:02','2025-09-03 15:56:02',0),(49,4612873108066304,'竟然没有帖子？','我替你发个',0,0,'2025-09-03 15:56:02','2025-09-03 15:56:02',0),(50,4612873108066304,'啥情况','1',0,0,'2025-09-03 15:56:59','2025-09-03 15:56:59',0),(51,4612873108066304,'啥情况','1',0,0,'2025-09-03 15:56:59','2025-09-03 15:56:59',0),(52,4612873108066304,'啥情况','1',1,0,'2025-09-03 15:56:59','2025-09-11 16:31:39',1),(53,4444532515016704,'test','2',0,0,'2025-09-03 15:58:22','2025-09-03 15:58:22',0),(54,4444532515016704,'test','2',0,0,'2025-09-03 15:58:22','2025-09-03 15:58:22',0),(55,4444532515016704,'test','2',0,0,'2025-09-03 15:58:22','2025-09-03 15:58:22',0),(56,4444532515016704,'test','2',2,0,'2025-09-03 15:58:22','2025-09-03 15:58:22',0),(57,4444532515016704,'test','3',1,0,'2025-09-03 16:10:47','2025-09-03 16:10:47',0),(58,4444532515016704,'tests','test',0,0,'2025-09-03 17:48:36','2025-09-03 17:48:36',0),(59,4444532515016704,'test2','tttttt',0,0,'2025-09-03 18:18:12','2025-09-03 18:18:12',0),(60,4444532515016704,'5555','test',0,0,'2025-09-03 18:39:14','2025-09-03 18:39:14',0),(61,4444532515016704,'test','tests',1,0,'2025-09-03 18:41:29','2026-05-18 13:40:20',1),(62,4444532515016704,'145124','爱上放大',12,0,'2025-09-03 18:47:41','2026-05-18 13:40:39',1);
/*!40000 ALTER TABLE `posts` ENABLE KEYS */;
UNLOCK TABLES;

--
-- Table structure for table `problem_constraints`
--

DROP TABLE IF EXISTS `problem_constraints`;
/*!40101 SET @saved_cs_client     = @@character_set_client */;
/*!50503 SET character_set_client = utf8mb4 */;
CREATE TABLE `problem_constraints` (
  `problem_id` int unsigned NOT NULL,
  `time_limit` int NOT NULL DEFAULT '2',
  `memory_limit` int NOT NULL DEFAULT '128',
  `language` varchar(32) DEFAULT NULL,
  KEY `problem_id` (`problem_id`),
  CONSTRAINT `problem_constraints_ibfk_1` FOREIGN KEY (`problem_id`) REFERENCES `problems` (`id`)
) ENGINE=InnoDB DEFAULT CHARSET=utf8mb4 COLLATE=utf8mb4_0900_ai_ci;
/*!40101 SET character_set_client = @saved_cs_client */;

--
-- Dumping data for table `problem_constraints`
--

LOCK TABLES `problem_constraints` WRITE;
/*!40000 ALTER TABLE `problem_constraints` DISABLE KEYS */;
INSERT INTO `problem_constraints` VALUES (1,2,64,'cpp'),(1,2,64,'go'),(15,1000,256,'cpp'),(15,1000,256,'python'),(15,1000,256,'go'),(16,1000,256,'cpp'),(16,1000,256,'python'),(16,1000,256,'go'),(1,2,64,'python');
/*!40000 ALTER TABLE `problem_constraints` ENABLE KEYS */;
UNLOCK TABLES;

--
-- Table structure for table `problem_examples`
--

DROP TABLE IF EXISTS `problem_examples`;
/*!40101 SET @saved_cs_client     = @@character_set_client */;
/*!50503 SET character_set_client = utf8mb4 */;
CREATE TABLE `problem_examples` (
  `problem_id` int unsigned NOT NULL,
  `input` text CHARACTER SET utf8mb4 COLLATE utf8mb4_0900_ai_ci NOT NULL,
  `output` text CHARACTER SET utf8mb4 COLLATE utf8mb4_0900_ai_ci NOT NULL,
  `is_public` tinyint(1) unsigned zerofill NOT NULL,
  KEY `fk_problem_examples` (`problem_id`),
  CONSTRAINT `fk_problem_examples` FOREIGN KEY (`problem_id`) REFERENCES `problems` (`id`)
) ENGINE=InnoDB DEFAULT CHARSET=utf8mb4 COLLATE=utf8mb4_0900_ai_ci;
/*!40101 SET character_set_client = @saved_cs_client */;

--
-- Dumping data for table `problem_examples`
--

LOCK TABLES `problem_examples` WRITE;
/*!40000 ALTER TABLE `problem_examples` DISABLE KEYS */;
INSERT INTO `problem_examples` VALUES (1,'2 3','5',0),(1,'-1 0','-1',0),(15,'2 33','-31',1),(16,'2 33','-31',1),(16,'2 33','-31',0);
/*!40000 ALTER TABLE `problem_examples` ENABLE KEYS */;
UNLOCK TABLES;

--
-- Table structure for table `problem_submissions`
--

DROP TABLE IF EXISTS `problem_submissions`;
/*!40101 SET @saved_cs_client     = @@character_set_client */;
/*!50503 SET character_set_client = utf8mb4 */;
CREATE TABLE `problem_submissions` (
  `id` bigint NOT NULL AUTO_INCREMENT,
  `user_id` bigint NOT NULL,
  `problem_id` int unsigned NOT NULL,
  `language` varchar(32) NOT NULL,
  `code` text NOT NULL,
  `exec_time` int DEFAULT NULL,
  `memory_usage` int DEFAULT NULL,
  `score` int DEFAULT NULL,
  `created_at` timestamp NULL DEFAULT CURRENT_TIMESTAMP,
  `state` varchar(50) NOT NULL,
  PRIMARY KEY (`id`)
) ENGINE=InnoDB AUTO_INCREMENT=29 DEFAULT CHARSET=utf8mb4 COLLATE=utf8mb4_0900_ai_ci;
/*!40101 SET character_set_client = @saved_cs_client */;

--
-- Dumping data for table `problem_submissions`
--

LOCK TABLES `problem_submissions` WRITE;
/*!40000 ALTER TABLE `problem_submissions` DISABLE KEYS */;
INSERT INTO `problem_submissions` VALUES (3,1969930454962176,1,'cpp','#include <bits/stdc++.h>\nusing namespace std;\nint main() {\n  int a, b;\n  cin >> a >> b;\n  cout << a + b << \'\\n\';\n  return 0;\n}',0,0,100,'2025-08-28 13:40:21','Accepted'),(4,4444532515016704,1,'cpp','#include <bits/stdc++.h>\nusing namespace std;\nint main() {\n  int a, b;\n  cin >> a >> b;\n  cout << a + b << \'\\n\';\n  return 0;\n}',0,0,100,'2025-08-29 11:35:18','Accepted'),(5,4444532515016704,1,'cpp','#include <bits/stdc++.h>\nusing namespace std;\nint main() {\n  int a, b;\n  cin >> a >> b;\n  cout << a + b << \'\\n\';\n  return 0;\n}',0,0,100,'2025-09-08 04:01:21','Accepted'),(6,4444532515016704,1,'cpp','#include <bits/stdc++.h>\nusing namespace std;\nint main() {\n  int a, b;\n  cin >> a >> b;\n  cout << a + b << \'\\n\';\n  return 0;\n}',0,0,100,'2025-09-08 04:01:34','Accepted'),(7,4444532515016704,1,'cpp','#include <bits/stdc++.h>\nusing namespace std;\nint main() {\n  int a, b;\n  cin >> a >> b;\n  cout << a + b << \'\\n\';\n  return 0;\n}',0,0,100,'2025-09-08 04:01:51','Accepted'),(8,4444532515016704,1,'cpp','#include <bits/stdc++.h>\nusing namespace std;\nint main() {\n  int a, b;\n  cin >> a >> b;\n  cout << a + b << \'\\n\';\n  return 0;\n}',0,0,100,'2025-09-08 04:02:09','Accepted'),(9,4444532515016704,1,'cpp','#include <bits/stdc++.h>\nusing namespace std;\nint main() {\n  int a, b;\n  cin >> a >> b;\n  cout << a + b << \'\\n\';\n  return 0;\n}',0,0,100,'2025-09-08 04:03:37','Accepted'),(10,4444532515016704,1,'cpp','#include <bits/stdc++.h>\nusing namespace std;\nint main() {\n  int a, b;\n  cin >> a >> b;\n  cout << a + b << \'\\n\';\n  return 0;\n}',0,0,100,'2025-09-08 04:05:23','Accepted'),(11,4444532515016704,1,'cpp','#include <bits/stdc++.h>\nusing namespace std;\nint main() {\n  int a, b;\n  cin >> a >> b;\n  cout << a + b << \'\\n\';\n  return 0;\n}',0,0,100,'2025-09-08 04:39:11','Accepted'),(12,4444532515016704,1,'cpp','#include <bits/stdc++.h>\nusing namespace std;\nint main() {\n  int a, b;\n  cin >> a >> b;\n  cout << a + b << \'\\n\';\n  return 0;\n}',0,0,100,'2025-09-08 04:39:15','Accepted'),(13,4444532515016704,1,'cpp','#include <bits/stdc++.h>\nusing namespace std;\nint main() {\n  int a, b;\n  cin >> a >> b;\n  cout << a + b << \'\\n\';\n  return 0;\n}',0,0,100,'2025-09-08 05:58:04','Accepted'),(14,4444532515016704,1,'cpp','#include <bits/stdc++.h>\nusing namespace std;\nint main() {\n  int a, b;\n  cin >> a >> b;\n  cout << a + b << \'\\n\';\n  return 0;\n}',0,0,100,'2025-09-08 08:10:06','Accepted'),(15,4444532515016704,1,'cpp','#include <bits/stdc++.h>\nusing namespace std;\nint main() {\n  int a, b;\n  cin >> a >> b;\n  cout << a + b << \'\\n\';\n  return 0;\n}',0,0,100,'2025-09-08 08:34:51','Accepted'),(16,4444532515016704,1,'cpp','#include <bits/stdc++.h>\nusing namespace std;\nint main() {\n  int a, b;\n  cin >> a >> b;\n  cout << a + b << \'\\n\';\n  return 0;\n}',0,0,100,'2025-09-08 08:35:18','Accepted'),(17,4444532515016704,1,'cpp','#include <bits/stdc++.h>\nusing namespace std;\nint main() {\n  int a, b;\n  cin >> a >> b;\n  cout << a - b << \'\\n\';\n  return 0;\n}',0,0,50,'2025-09-08 08:35:27',''),(18,4444532515016704,1,'cpp','#include <bits/stdc++.h>\nusing namespace std;\nint main() {\n  int a, b;\n  cin >> a >> b;\n  cout << a - b << \'\\n\';\n  return 0;\n}',0,0,50,'2025-09-08 08:39:07','Wrong Answer'),(19,4444532515016704,1,'cpp','#include <bits/stdc++.h>\nusing namespace std;\nint main() {\n  int a, b;\n  cin >> a >> b;\n  cout << a + b << \'\\n\';\n  return 0;\n}',0,0,100,'2025-09-08 08:42:34','Accepted'),(20,4444532515016704,1,'cpp','#include <bits/stdc++.h>\nusing namespace std;\nint main() {\n  int a, b;\n  cin >> a >> b;\n  cout << a + b << \'\\n\';\n  return 0;\n}',0,0,100,'2025-09-08 08:50:16','Accepted'),(21,4444532515016704,1,'cpp','#include <bits/stdc++.h>\nusing namespace std;\nint main() {\n  int a, b;\n  cin >> a >> b;\n  cout << a - b << \'\\n\';\n  return 0;\n}',0,0,50,'2025-09-08 08:50:22','Wrong Answer'),(22,4444532515016704,1,'cpp','#include <bits/stdc++.h>\nusing namespace std;\nint main() {\n  int a, b;\n  cin >> a >> b;\n  cout << a + b << \'\\n\';\n  return 0;\n}',0,0,100,'2025-09-09 06:46:41','Accepted'),(23,4444532515016704,1,'cpp','#include <bits/stdc++.h>\nusing namespace std;\nint main() {\n  int a, b;\n  cin >> a >> b;\n  cout << a + b << \'\\n\';\n  return 0;\n}',0,0,100,'2025-09-09 06:49:09','Accepted'),(24,4444532515016704,1,'cpp','#include <bits/stdc++.h>\nusing namespace std;\nint main() {\n  int a, b;\n  cin >> a >> b;\n  cout << a + b << \'\\n\';\n  return 0;\n}',0,0,100,'2025-09-09 07:23:55','Accepted'),(25,4444532515016704,1,'python','a, b = map(int, input().split())\n\nprint(a + b)',0,0,100,'2025-09-09 09:18:14','Accepted'),(26,4444532515016704,1,'python','a, b = map(int, input().split())\n\nprint(a + b)',0,0,100,'2025-09-09 09:20:41','Accepted'),(27,4444532515016704,1,'cpp','#include <bits/stdc++.h>\nusing namespace std;\nint main() {\n  int a, b;\n  cin >> a >> b;\n  cout << a  << \'\\n\';\n  return 0;\n}',0,0,50,'2026-05-18 05:39:39','Wrong Answer'),(28,4444532515016704,1,'cpp','#include <bits/stdc++.h>\nusing namespace std;\nint main() {\n  int a, b;\n  cin >> a >> b;\n  cout << a + b << \'\\n\';\n  return 0;\n}',0,0,100,'2026-05-18 05:39:52','Accepted');
/*!40000 ALTER TABLE `problem_submissions` ENABLE KEYS */;
UNLOCK TABLES;

--
-- Table structure for table `problem_tags`
--

DROP TABLE IF EXISTS `problem_tags`;
/*!40101 SET @saved_cs_client     = @@character_set_client */;
/*!50503 SET character_set_client = utf8mb4 */;
CREATE TABLE `problem_tags` (
  `problem_id` int unsigned NOT NULL,
  `tag` varchar(64) DEFAULT NULL,
  KEY `fk_problem_tags` (`problem_id`),
  CONSTRAINT `fk_problem_tags` FOREIGN KEY (`problem_id`) REFERENCES `problems` (`id`)
) ENGINE=InnoDB DEFAULT CHARSET=utf8mb4 COLLATE=utf8mb4_0900_ai_ci;
/*!40101 SET character_set_client = @saved_cs_client */;

--
-- Dumping data for table `problem_tags`
--

LOCK TABLES `problem_tags` WRITE;
/*!40000 ALTER TABLE `problem_tags` DISABLE KEYS */;
INSERT INTO `problem_tags` VALUES (1,'数组'),(1,'哈希'),(15,'数学'),(16,'动态规划');
/*!40000 ALTER TABLE `problem_tags` ENABLE KEYS */;
UNLOCK TABLES;

--
-- Table structure for table `problems`
--

DROP TABLE IF EXISTS `problems`;
/*!40101 SET @saved_cs_client     = @@character_set_client */;
/*!50503 SET character_set_client = utf8mb4 */;
CREATE TABLE `problems` (
  `id` int unsigned NOT NULL AUTO_INCREMENT,
  `title` varchar(255) NOT NULL,
  `level` varchar(32) DEFAULT NULL,
  `description` text,
  `input_desc` text,
  `output_desc` text,
  `submit_count` int NOT NULL DEFAULT '0',
  `ac_count` int NOT NULL DEFAULT '0',
  PRIMARY KEY (`id`)
) ENGINE=InnoDB AUTO_INCREMENT=17 DEFAULT CHARSET=utf8mb4 COLLATE=utf8mb4_0900_ai_ci;
/*!40101 SET character_set_client = @saved_cs_client */;

--
-- Dumping data for table `problems`
--

LOCK TABLES `problems` WRITE;
/*!40000 ALTER TABLE `problems` DISABLE KEYS */;
INSERT INTO `problems` VALUES (1,'两数之和','简单','给定一个整数数组 nums 和一个目标值 target，请你在该数组中找出和为目标值的两个整数，并返回它们的数组下标。','输入一个整数数组和一个目标整数。','返回两个整数的下标，满足它们的和为目标值。',66,54),(15,'A - B','简单','给定两个整数 A 和 B，计算他们的差','两个整数A, B','一个整数表示 A 和 B 的差',1,1),(16,'12','中等','阿斯弗','啊打发','啊打发',0,0);
/*!40000 ALTER TABLE `problems` ENABLE KEYS */;
UNLOCK TABLES;

--
-- Table structure for table `saber_stats`
--

DROP TABLE IF EXISTS `saber_stats`;
/*!40101 SET @saved_cs_client     = @@character_set_client */;
/*!50503 SET character_set_client = utf8mb4 */;
CREATE TABLE `saber_stats` (
  `id` bigint NOT NULL AUTO_INCREMENT,
  `user_id` bigint NOT NULL,
  `rating` int DEFAULT '1500',
  `level` varchar(50) DEFAULT '黄铜',
  `wins` int DEFAULT '0',
  `total_matches` int DEFAULT '0',
  `created_at` timestamp NULL DEFAULT CURRENT_TIMESTAMP,
  `updated_at` timestamp NULL DEFAULT CURRENT_TIMESTAMP ON UPDATE CURRENT_TIMESTAMP,
  PRIMARY KEY (`id`),
  UNIQUE KEY `user_id` (`user_id`),
  CONSTRAINT `fk_user` FOREIGN KEY (`user_id`) REFERENCES `users` (`user_id`) ON DELETE CASCADE
) ENGINE=InnoDB AUTO_INCREMENT=7 DEFAULT CHARSET=utf8mb4 COLLATE=utf8mb4_0900_ai_ci;
/*!40101 SET character_set_client = @saved_cs_client */;

--
-- Dumping data for table `saber_stats`
--

LOCK TABLES `saber_stats` WRITE;
/*!40000 ALTER TABLE `saber_stats` DISABLE KEYS */;
INSERT INTO `saber_stats` VALUES (4,4444532515016704,1500,'黄铜',0,0,'2025-08-18 08:45:14','2025-08-18 08:45:14'),(5,1969930454962176,1500,'黄铜',0,0,'2025-08-19 03:53:36','2025-08-19 03:53:36');
/*!40000 ALTER TABLE `saber_stats` ENABLE KEYS */;
UNLOCK TABLES;

--
-- Table structure for table `user_ac_problems`
--

DROP TABLE IF EXISTS `user_ac_problems`;
/*!40101 SET @saved_cs_client     = @@character_set_client */;
/*!50503 SET character_set_client = utf8mb4 */;
CREATE TABLE `user_ac_problems` (
  `user_id` bigint NOT NULL,
  `problem_id` int unsigned NOT NULL,
  PRIMARY KEY (`user_id`,`problem_id`),
  KEY `idx_problem` (`problem_id`)
) ENGINE=InnoDB DEFAULT CHARSET=utf8mb4 COLLATE=utf8mb4_0900_ai_ci;
/*!40101 SET character_set_client = @saved_cs_client */;

--
-- Dumping data for table `user_ac_problems`
--

LOCK TABLES `user_ac_problems` WRITE;
/*!40000 ALTER TABLE `user_ac_problems` DISABLE KEYS */;
INSERT INTO `user_ac_problems` VALUES (1969930454962176,1),(4444532515016704,1);
/*!40000 ALTER TABLE `user_ac_problems` ENABLE KEYS */;
UNLOCK TABLES;

--
-- Table structure for table `user_follows`
--

DROP TABLE IF EXISTS `user_follows`;
/*!40101 SET @saved_cs_client     = @@character_set_client */;
/*!50503 SET character_set_client = utf8mb4 */;
CREATE TABLE `user_follows` (
  `id` int NOT NULL AUTO_INCREMENT,
  `follower_id` bigint NOT NULL,
  `followee_id` bigint NOT NULL,
  `created_at` datetime DEFAULT CURRENT_TIMESTAMP,
  PRIMARY KEY (`id`),
  UNIQUE KEY `unique_follow` (`follower_id`,`followee_id`),
  KEY `followee_id` (`followee_id`),
  CONSTRAINT `user_follows_ibfk_1` FOREIGN KEY (`follower_id`) REFERENCES `users` (`user_id`),
  CONSTRAINT `user_follows_ibfk_2` FOREIGN KEY (`followee_id`) REFERENCES `users` (`user_id`)
) ENGINE=InnoDB AUTO_INCREMENT=52 DEFAULT CHARSET=utf8mb4 COLLATE=utf8mb4_0900_ai_ci;
/*!40101 SET character_set_client = @saved_cs_client */;

--
-- Dumping data for table `user_follows`
--

LOCK TABLES `user_follows` WRITE;
/*!40000 ALTER TABLE `user_follows` DISABLE KEYS */;
INSERT INTO `user_follows` VALUES (6,4609218535493632,1969930454962176,'2025-05-27 01:58:59'),(20,7497339476381696,1969930454962176,'2025-05-29 00:36:44'),(42,7510617837539328,7475966175612928,'2025-05-29 01:28:39'),(44,1969930454962176,7497339476381696,'2025-06-01 18:14:38'),(47,1969930454962176,4444532515016704,'2025-07-18 11:42:50'),(48,4444532515016704,1969930454962176,'2025-07-18 12:29:39'),(49,1969930454962176,4609218535493632,'2025-09-02 11:15:12'),(50,4444532515016704,4612873108066304,'2025-09-03 15:55:45');
/*!40000 ALTER TABLE `user_follows` ENABLE KEYS */;
UNLOCK TABLES;

--
-- Table structure for table `users`
--

DROP TABLE IF EXISTS `users`;
/*!40101 SET @saved_cs_client     = @@character_set_client */;
/*!50503 SET character_set_client = utf8mb4 */;
CREATE TABLE `users` (
  `user_id` bigint NOT NULL,
  `user_name` varchar(64) CHARACTER SET utf8mb4 COLLATE utf8mb4_general_ci NOT NULL,
  `password` varchar(64) CHARACTER SET utf8mb4 COLLATE utf8mb4_general_ci NOT NULL,
  `email` varchar(64) CHARACTER SET utf8mb4 COLLATE utf8mb4_general_ci DEFAULT NULL,
  `quote` varchar(255) CHARACTER SET utf8mb4 COLLATE utf8mb4_general_ci DEFAULT NULL,
  `following_count` bigint NOT NULL DEFAULT '0',
  `follower_count` bigint NOT NULL DEFAULT '0',
  `avatar` varchar(255) COLLATE utf8mb4_general_ci NOT NULL DEFAULT '02d2b2b795d6b88dfc787bb71bfa7d41',
  `gender` varchar(6) COLLATE utf8mb4_general_ci DEFAULT '0',
  `create_time` timestamp NULL DEFAULT CURRENT_TIMESTAMP,
  `update_time` timestamp NULL DEFAULT CURRENT_TIMESTAMP ON UPDATE CURRENT_TIMESTAMP,
  PRIMARY KEY (`user_id` DESC) USING BTREE,
  UNIQUE KEY `idx_username` (`user_name`) USING BTREE,
  UNIQUE KEY `idx_user_id` (`user_id`) USING BTREE
) ENGINE=InnoDB DEFAULT CHARSET=utf8mb4 COLLATE=utf8mb4_general_ci;
/*!40101 SET character_set_client = @saved_cs_client */;

--
-- Dumping data for table `users`
--

LOCK TABLES `users` WRITE;
/*!40000 ALTER TABLE `users` DISABLE KEYS */;
INSERT INTO `users` VALUES (44772254415851521,'999','$2a$10$mAUAWmOYW76Y1IqIJqkM4.wK0g7KmaWzlCur.uTUrDDYI3W14nBFm','','无~',0,0,'02d2b2b795d6b88dfc787bb71bfa7d41','female','2025-09-08 13:08:57','2025-09-09 03:37:37'),(44764993278709760,'123123123','$2a$10$znQ6yQuWrLYs94Rq/hs/Me0nIrRW1le3/EJyHGgh.bcvJj3FNyiNi','','无~',0,0,'02d2b2b795d6b88dfc787bb71bfa7d41','female','2025-09-08 12:40:06','2025-09-08 12:40:06'),(7510617837539328,'5/291:24','$2a$10$EwRvE5LMIDyBI.HRpdN1wu3QnrLrj6PyW2wMPr4Gk3cP9q96J/RqS','','无~',1,0,'02d2b2b795d6b88dfc787bb71bfa7d41','female','2025-05-28 17:24:31','2025-09-03 10:47:51'),(7497339476381696,'12346','$2a$10$WJHYrEkXw6WAp.gCa6sd5elgEFnUgjh20.kGgjy85mwzjuXpoWzYW','','无~',1,1,'3c8b499463a68dc6c58d3907ab448983','female','2025-05-28 16:31:45','2025-06-01 10:14:38'),(7478330295062528,'23:16','$2a$10$BBSiZKG815RUGyMGbadRFutrP0hNdE581i1rvsbXpWTvPRCt3V8jG','','',0,0,'02d2b2b795d6b88dfc787bb71bfa7d41','','2025-05-28 15:16:13','2025-05-28 17:01:49'),(7475966175612928,'5/28','$2a$10$EO0zwS5/0C6waBxNLjAwieGUL95jwqj.WuN3mH8RIl.C6fieDaYOK','','',0,1,'02d2b2b795d6b88dfc787bb71bfa7d41','','2025-05-28 15:06:49','2025-05-28 17:28:39'),(7475448321675264,'follower','$2a$10$beJkVwVllMVk88nFwYlyM.t/uRGadvsruL9CzInIjLATibH.GhbEe','','',0,0,'02d2b2b795d6b88dfc787bb71bfa7d41','','2025-05-28 15:04:46','2025-05-28 17:37:37'),(4612873108066304,'129','$2a$10$.GfVvzxOgMM1OnBznYiyU./UW0nsFi37Z4SUD9DyxIdUTsGIO7aUO','',NULL,0,1,'0cded74f3799e4ed1a5890af931fd1dc','','2025-05-20 17:29:55','2025-09-03 07:55:45'),(4609218535493632,'521','$2a$10$U8nVvjVLRy3Qk6RysvkqDuJUfqNd7cOlMj3QHoouEVBQ6woOPo2KS','',NULL,1,1,'dd90570733d51e3d85cdc0976f39ca18','','2025-05-20 17:15:23','2025-09-02 03:15:11'),(4445534072868864,'lin','$2a$10$FiPKOl1wJPtNyKWPSDPTA.QV6aG9dG09dIDtafJDHU8smN3i9s2BK','',NULL,0,0,'02d2b2b795d6b88dfc787bb71bfa7d41','','2025-05-20 06:24:58','2025-05-28 15:03:29'),(4444532515016704,'123','$2a$10$RpABAFcTgomid4N2j6Ehk.mK8w2OKWg8Mrpctrx0xOsPfo1/3KYiu','','别搞',2,1,'86a9a9d584769182c97f405ac2a1e3d2','','2025-05-20 06:20:59','2025-09-03 10:47:51'),(1969930454962176,'222','$2a$10$FqHN4IWrKWgbJQSKb4FY6eMlFar07Uxf/7UfLJFWx3qPzYvOvQ5oe','2518590132@qq.com','admin',3,3,'02d2b2b795d6b88dfc787bb71bfa7d41','male','2025-05-13 10:27:48','2025-09-02 03:15:11'),(1467628563278562,'2342','asdfafdasdf ',NULL,NULL,0,0,'02d2b2b795d6b88dfc787bb71bfa7d41','0','2025-06-08 17:48:36','2025-06-08 17:48:36'),(1242536435646456,'34','asdfa ',NULL,NULL,0,0,'02d2b2b795d6b88dfc787bb71bfa7d41','0','2025-06-08 17:49:18','2025-06-08 17:49:18'),(1231231231242342,'adsf','asdfadsf',NULL,NULL,0,0,'02d2b2b795d6b88dfc787bb71bfa7d41','0','2025-06-08 17:49:08','2025-06-08 17:49:08');
/*!40000 ALTER TABLE `users` ENABLE KEYS */;
UNLOCK TABLES;

--
-- Dumping events for database 'GO1_db'
--

--
-- Dumping routines for database 'GO1_db'
--
/*!40103 SET TIME_ZONE=@OLD_TIME_ZONE */;

/*!40101 SET SQL_MODE=@OLD_SQL_MODE */;
/*!40014 SET FOREIGN_KEY_CHECKS=@OLD_FOREIGN_KEY_CHECKS */;
/*!40014 SET UNIQUE_CHECKS=@OLD_UNIQUE_CHECKS */;
/*!40101 SET CHARACTER_SET_CLIENT=@OLD_CHARACTER_SET_CLIENT */;
/*!40101 SET CHARACTER_SET_RESULTS=@OLD_CHARACTER_SET_RESULTS */;
/*!40101 SET COLLATION_CONNECTION=@OLD_COLLATION_CONNECTION */;
/*!40111 SET SQL_NOTES=@OLD_SQL_NOTES */;

-- Dump completed on 2026-05-18 16:21:32
